{
    "ppo": {
        "mean_reward": 59.18,
        "std_reward": 1.9203124745728235,
        "max_reward": 62.0,
        "min_reward": 54.0,
        "final_10_avg": 59.9,
        "moving_avg": [
            58.90000000000001,
            59.1,
            58.80000000000001,
            58.5,
            58.900000000000006,
            59.00000000000001,
            59.0,
            59.1,
            58.900000000000006,
            59.2,
            59.2,
            59.400000000000006,
            59.60000000000001,
            59.80000000000001,
            60.0,
            59.900000000000006,
            59.599999999999994,
            59.300000000000004,
            59.3,
            59.0,
            59.00000000000001,
            58.60000000000001,
            58.90000000000001,
            59.100000000000016,
            59.1,
            58.90000000000001,
            59.20000000000001,
            59.20000000000001,
            58.900000000000006,
            58.80000000000001,
            58.500000000000014,
            58.5,
            58.400000000000006,
            58.400000000000006,
            58.300000000000004,
            58.300000000000004,
            58.300000000000004,
            58.300000000000004,
            58.900000000000006,
            59.20000000000001,
            59.2,
            59.400000000000006,
            59.2,
            59.1,
            59.0,
            59.400000000000006,
            59.30000000000001,
            59.800000000000004,
            59.800000000000004,
            59.900000000000006,
            59.900000000000006,
            59.7,
            59.300000000000004,
            59.199999999999996,
            59.4,
            59.4,
            59.2,
            59.20000000000001,
            58.900000000000006,
            58.9,
            59.1,
            59.199999999999996,
            59.60000000000001,
            59.80000000000001,
            59.60000000000001,
            59.70000000000001,
            60.0,
            59.50000000000001,
            59.0,
            58.900000000000006,
            58.7,
            58.699999999999996,
            58.9,
            58.80000000000001,
            58.9,
            58.800000000000004,
            58.800000000000004,
            59.2,
            59.800000000000004,
            59.800000000000004,
            59.4,
            59.5,
            59.5,
            59.1,
            59.2,
            59.2,
            59.2,
            59.300000000000004,
            59.4,
            59.4,
            59.9
        ],
        "variance": 3.687600000000001
    },
    "random": {
        "mean_reward": 40.09,
        "std_reward": 7.098020850913302,
        "max_reward": 56.0,
        "min_reward": 21.0,
        "final_10_avg": 40.3,
        "moving_avg": [
            42.00000000000001,
            42.300000000000004,
            41.4,
            42.3,
            41.80000000000001,
            41.20000000000001,
            40.5,
            39.5,
            38.6,
            39.50000000000001,
            37.10000000000001,
            38.20000000000001,
            37.6,
            37.1,
            35.10000000000001,
            36.1,
            36.7,
            37.300000000000004,
            38.6,
            37.4,
            38.099999999999994,
            38.900000000000006,
            39.6,
            38.6,
            40.1,
            40.0,
            40.1,
            38.70000000000001,
            38.300000000000004,
            38.6,
            37.800000000000004,
            35.400000000000006,
            34.300000000000004,
            34.8,
            35.300000000000004,
            35.3,
            35.5,
            37.599999999999994,
            39.1,
            40.7,
            42.0,
            42.6,
            43.7,
            43.699999999999996,
            43.9,
            42.6,
            42.400000000000006,
            42.20000000000001,
            41.300000000000004,
            39.800000000000004,
            39.900000000000006,
            39.1,
            38.800000000000004,
            39.6,
            39.5,
            40.9,
            41.400000000000006,
            38.900000000000006,
            38.800000000000004,
            39.50000000000001,
            39.80000000000001,
            41.70000000000001,
            41.20000000000002,
            40.800000000000004,
            39.5,
            39.4,
            40.3,
            41.5,
            41.3,
            41.9,
            41.300000000000004,
            40.800000000000004,
            40.800000000000004,
            41.20000000000001,
            42.800000000000004,
            42.6,
            41.300000000000004,
            41.60000000000001,
            42.1,
            41.1,
            42.6,
            42.00000000000001,
            41.800000000000004,
            41.7,
            41.400000000000006,
            40.50000000000001,
            40.7,
            40.800000000000004,
            41.400000000000006,
            41.50000000000001,
            40.300000000000004
        ],
        "variance": 50.381899999999995
    },
    "genai": {
        "mean_reward": 55.47,
        "std_reward": 13.502188711464523,
        "max_reward": 77.0,
        "min_reward": 26.0,
        "final_10_avg": 65.0,
        "moving_avg": [
            49.0,
            48.800000000000004,
            47.6,
            47.8,
            48.8,
            47.60000000000001,
            48.400000000000006,
            48.5,
            48.7,
            48.80000000000001,
            48.50000000000001,
            47.50000000000001,
            47.300000000000004,
            46.6,
            45.300000000000004,
            46.60000000000001,
            45.49999999999999,
            44.900000000000006,
            46.10000000000001,
            46.50000000000001,
            46.70000000000001,
            45.60000000000001,
            45.400000000000006,
            44.1,
            43.39999999999999,
            43.2,
            42.1,
            42.0,
            40.50000000000001,
            38.800000000000004,
            36.7,
            36.300000000000004,
            36.2,
            37.300000000000004,
            37.8,
            36.800000000000004,
            37.5,
            37.2,
            37.7,
            38.9,
            39.699999999999996,
            42.400000000000006,
            44.099999999999994,
            45.20000000000001,
            48.0,
            51.00000000000001,
            53.00000000000001,
            56.10000000000001,
            58.800000000000004,
            59.6,
            62.70000000000001,
            64.60000000000001,
            66.0,
            67.4,
            67.70000000000002,
            68.1,
            67.9,
            68.8,
            68.60000000000001,
            70.60000000000001,
            71.50000000000001,
            69.80000000000001,
            69.7,
            67.60000000000001,
            67.19999999999999,
            66.6,
            67.6,
            66.1,
            66.30000000000001,
            66.2,
            66.2,
            67.5,
            67.0,
            68.60000000000001,
            68.9,
            69.9,
            69.4,
            69.9,
            70.4,
            70.10000000000001,
            68.7,
            68.4,
            66.5,
            66.30000000000001,
            64.60000000000001,
            64.10000000000001,
            64.70000000000002,
            64.80000000000001,
            65.10000000000001,
            63.60000000000001,
            65.00000000000001
        ],